,City,Lat,Lng,Max Temp,Humidity,Cloudiness,Wind Speed,Country,Date
0,Rikitea,-23.1203,-134.9692,74.19,83,100,12.5,PF,1650780222
1,Kropotkin,45.4375,40.5756,58.95,64,71,11.27,RU,1650780223
2,George Town,5.4112,100.3354,89.53,70,20,10.36,MY,1650780050
3,Sisimiut,66.9395,-53.6735,27.81,96,100,5.5,GL,1650780224
4,Teluknaga,-6.0989,106.6381,94.1,70,20,4.61,ID,1650780225
5,Salalah,17.0151,54.0924,85.77,63,21,11.39,OM,1650780226
6,Ushuaia,-54.8,-68.3,40.66,81,40,14.97,AR,1650779971
7,Sibut,5.718,19.0739,76.69,73,95,7.78,CF,1650780227
8,Tiksi,71.6872,128.8694,11.41,86,100,5.19,RU,1650780228
9,Dikson,73.5069,80.5464,8.1,89,100,14.92,RU,1650780229
10,Chokurdakh,70.6333,147.9167,5.02,92,62,2.21,RU,1650780230
11,Poum,-20.2333,164.0167,77.22,77,73,11.23,NC,1650780231
12,Mataura,-46.1927,168.8643,50.49,84,98,8.14,NZ,1650780195
13,New Norfolk,-42.7826,147.0587,67.87,49,17,2.84,AU,1650780233
14,Kūhdasht,33.535,47.6061,71.51,13,88,7.99,IR,1650780234
15,Kaitangata,-46.2817,169.8464,49.35,71,94,13.04,NZ,1650780234
16,Atuona,-9.8,-139.0333,79.21,79,43,19.01,PF,1650780235
17,Killybegs,54.6333,-8.45,43.2,84,0,9.31,IE,1650780236
18,Launceston,-41.45,147.1667,69.44,54,9,5.75,AU,1650780237
19,Samaná,19.2056,-69.3369,72.37,84,100,7.54,DO,1650780238
20,Avarua,-21.2078,-159.775,77.05,88,100,6.91,CK,1650780239
21,Livno,43.8269,17.0078,50.49,82,19,12.12,BA,1650780240
22,Aswān,24.0934,32.907,81.39,11,0,5.46,EG,1650780241
23,Mahébourg,-20.4081,57.7,79.25,71,81,18.01,MU,1650780241
24,Kapaa,22.0752,-159.319,78.78,86,33,4.0,US,1650780242
25,Mar del Plata,-38.0023,-57.5575,58.87,81,82,8.99,AR,1650780243
26,Qaanaaq,77.484,-69.3632,-5.64,76,33,8.14,GL,1650780244
27,Hermanus,-34.4187,19.2345,56.71,67,12,3.74,ZA,1650780245
28,Katete,-0.7818,29.7544,67.23,81,100,0.87,UG,1650780245
29,Vostok,46.4856,135.8833,48.27,53,84,16.08,RU,1650780246
30,Alto Araguaia,-17.3147,-53.2153,67.01,85,12,2.84,BR,1650780247
31,Saint Anthony,45.0205,-93.218,55.35,57,75,23.02,US,1650780248
32,Talcahuano,-36.7167,-73.1167,56.19,93,75,20.54,CL,1650780249
33,Hilo,19.7297,-155.09,75.27,90,67,1.01,US,1650780250
34,Kaeo,-35.1,173.7833,61.32,88,19,8.81,NZ,1650780250
35,Isangel,-19.55,169.2667,79.09,73,24,12.06,VU,1650780252
36,Aksarka,66.5606,67.7975,12.22,83,100,5.61,RU,1650780252
37,Severo-Kuril'sk,50.6789,156.125,35.31,99,100,11.56,RU,1650780253
38,Westport,41.1415,-73.3579,54.27,82,100,0.0,US,1650780254
39,Port Blair,11.6667,92.75,89.64,70,20,11.5,IN,1650780255
40,Nanortalik,60.1432,-45.2371,34.97,99,100,6.04,GL,1650780256
41,Punta Arenas,-53.15,-70.9167,41.11,93,100,4.52,CL,1650780257
42,Cidreira,-30.1811,-50.2056,57.51,73,0,6.29,BR,1650780257
43,Kutulik,53.3508,102.7839,37.9,36,100,7.36,RU,1650780258
44,Codrington,-38.2667,141.9667,61.56,64,2,13.56,AU,1650780259
45,Lavumisa,-27.31,31.892,70.63,81,18,2.66,SZ,1650780260
46,Humaitá,-7.5061,-63.0208,73.35,99,100,1.59,BR,1650780261
47,Ribeira Grande,38.5167,-28.7,58.51,68,33,20.87,PT,1650780261
48,Port Elizabeth,-33.918,25.5701,60.31,96,18,11.99,ZA,1650780262
49,Padang,-0.9492,100.3543,86.05,72,71,5.73,ID,1650780263
50,Bengkulu,-3.8004,102.2655,85.78,60,92,5.26,ID,1650780265
51,Pahrump,36.2083,-115.9839,64.49,17,17,8.99,US,1650780265
52,Maceió,-9.6658,-35.7353,76.44,88,40,2.3,BR,1650780266
53,Brainerd,46.358,-94.2008,55.35,79,46,9.66,US,1650780003
54,Lagoa,39.05,-27.9833,56.89,72,6,22.59,PT,1650780268
55,Vila Franca do Campo,37.7167,-25.4333,57.61,78,21,13.96,PT,1650780269
56,East London,-33.0153,27.9116,62.92,86,83,12.26,ZA,1650780270
57,San Patricio,28.017,-97.5169,75.83,80,80,16.75,US,1650780271
58,Assiut,27.181,31.1837,75.06,22,10,6.08,EG,1650780272
59,Hobart,-42.8794,147.3294,68.22,60,20,11.5,AU,1650780002
60,Yellowknife,62.456,-114.3525,26.56,68,11,11.99,CA,1650780273
61,Jamestown,42.097,-79.2353,63.18,53,0,6.91,US,1650780274
62,Znamenskoye,57.1281,73.8282,37.13,47,79,6.13,RU,1650780275
63,Caravelas,-17.7125,-39.2481,76.86,94,17,7.34,BR,1650780276
64,Jasper,37.2001,-94.3502,71.67,66,20,12.66,US,1650780277
65,Barrow,71.2906,-156.7887,12.22,92,100,9.22,US,1650780278
66,Cayenne,4.9333,-52.3333,77.09,1,100,2.3,GF,1650780090
67,Dhārchula,29.85,80.5333,85.28,14,0,8.75,IN,1650780279
68,Sawtell,-30.3833,153.1,71.62,53,40,14.97,AU,1650780280
69,Lata,40.1629,-8.3327,48.07,95,19,2.28,PT,1650780281
70,Puerto Ayora,-0.7393,-90.3518,71.31,92,44,6.4,EC,1650780282
71,Dunedin,-45.8742,170.5036,51.8,54,99,18.01,NZ,1650780283
72,Vila,42.0304,-8.1588,41.88,93,99,3.78,PT,1650780283
73,Nome,64.5011,-165.4064,41.07,66,100,8.05,US,1650780284
74,Lieksa,63.3167,30.0167,33.8,71,84,6.8,FI,1650780285
75,Mudhol,16.35,75.2833,95.16,27,68,8.79,IN,1650780286
76,Najrān,17.4924,44.1277,84.15,19,3,8.88,SA,1650780287
77,Salinas,36.6777,-121.6555,55.42,75,0,3.44,US,1650780287
78,Hamilton,39.1834,-84.5333,71.89,63,19,1.99,US,1650780059
79,Port Alfred,-33.5906,26.891,60.19,93,16,7.0,ZA,1650780289
80,Crossville,35.949,-85.0269,65.95,67,100,10.0,US,1650780004
81,Albany,42.6001,-73.9662,47.05,54,100,0.74,US,1650780290
82,Egvekinot,66.3167,-179.1667,19.47,93,93,0.49,RU,1650780291
83,Santa Isabel,-23.3156,-46.2214,61.43,87,1,2.06,BR,1650780292
84,Palekastro,35.2,26.25,64.22,67,0,7.14,GR,1650780293
85,Port-Cartier,50.0334,-66.8654,32.76,74,5,13.56,CA,1650780294
86,Hudiksvall,61.729,17.1036,38.64,71,36,9.4,SE,1650780294
87,Bredasdorp,-34.5322,20.0403,54.27,67,33,4.52,ZA,1650780295
88,Navahrudak,53.6,25.8333,38.77,89,97,7.49,BY,1650780297
89,Husavik,66.0449,-17.3389,41.83,80,55,1.57,IS,1650780297
90,Saskylakh,71.9167,114.0833,13.03,84,23,4.68,RU,1650780298
91,Lebu,-37.6167,-73.65,56.26,96,83,18.3,CL,1650780104
92,Mandalgovi,45.7625,106.2708,59.85,20,39,17.34,MN,1650780300
93,Brae,60.3964,-1.353,45.37,72,99,15.68,GB,1650780300
94,Krasnosel'kup,65.7,82.4667,15.22,82,99,9.44,RU,1650780301
95,Ilulissat,69.2167,-51.1,26.62,93,100,4.61,GL,1650780302
96,Vardø,70.3705,31.1107,37.81,96,100,15.1,NO,1650780303
97,Arraial do Cabo,-22.9661,-42.0278,76.35,86,1,7.72,BR,1650780270
98,Busselton,-33.65,115.3333,74.88,38,22,6.44,AU,1650780069
99,Houma,29.5958,-90.7195,73.0,87,0,8.05,US,1650780305
100,Muravlenko,63.7898,74.523,21.45,85,100,7.49,RU,1650780306
101,Coihueco,-36.6167,-71.8333,54.81,94,83,8.93,CL,1650780041
102,Kisangani,0.5167,25.2,73.08,96,83,2.48,CD,1650780307
103,Mayo,38.8876,-76.5119,58.26,81,0,5.75,US,1650780308
104,Tuktoyaktuk,69.4541,-133.0374,16.29,99,17,5.35,CA,1650780309
105,Cherskiy,68.75,161.3,21.67,87,100,5.86,RU,1650780310
106,Çermik,38.1361,39.4493,71.76,34,34,2.84,TR,1650780311
107,Thompson,55.7435,-97.8558,23.16,80,75,19.57,CA,1650780287
108,Akropong,5.9746,-0.0854,72.82,94,100,4.47,GH,1650780313
109,Kumul,42.8,93.45,79.79,12,4,4.47,CN,1650780313
110,Fortuna,40.5982,-124.1573,50.99,91,100,4.61,US,1650780315
111,Invermere,50.5167,-116.0354,37.69,84,60,1.14,CA,1650780316
112,Airai,-8.9266,125.4092,75.58,43,26,4.12,TL,1650780317
113,Bara,10.3744,10.7288,81.43,65,61,14.18,NG,1650780317
114,Taksimo,56.3444,114.8794,36.68,39,43,2.95,RU,1650780318
115,Saint Paul Harbor,57.79,-152.4072,42.31,87,100,13.8,US,1650780320
116,Beringovskiy,63.05,179.3167,29.14,78,96,0.92,RU,1650780320
117,Talnakh,69.4865,88.3972,6.21,90,57,4.92,RU,1650780321
118,Sept-Îles,50.2001,-66.3821,33.06,68,6,3.0,CA,1650780050
119,North Bend,43.4065,-124.2243,48.85,99,0,0.0,US,1650780309
120,Hasaki,35.7333,140.8333,64.29,91,100,8.37,JP,1650780323
121,Belyy Yar,53.6039,91.3903,37.85,34,0,4.47,RU,1650780324
122,Kandrian,-6.2167,149.55,84.43,70,92,5.1,PG,1650780325
123,Tessalit,20.1986,1.0114,73.83,9,11,7.4,ML,1650780136
124,Terråk,65.087,12.3715,44.47,74,62,2.86,NO,1650780326
125,Cape Town,-33.9258,18.4232,54.91,76,3,3.06,ZA,1650780110
126,Barra de Tecoanapa,16.5167,-98.75,79.48,74,0,5.97,MX,1650780328
127,Vaini,-21.2,-175.2,75.36,94,75,0.0,TO,1650780329
128,Bambanglipuro,-7.95,110.2833,84.09,75,91,7.47,ID,1650780330
129,Faanui,-16.4833,-151.75,80.31,70,92,4.27,PF,1650780331
130,Saint-Augustin,51.226,-58.6502,31.23,97,100,19.42,CA,1650780332
131,Hong Kong,22.2855,114.1577,86.97,73,27,11.01,HK,1650780333
132,Beyneu,45.3167,55.2,60.6,46,5,10.02,KZ,1650780334
133,Bluff,-46.6,168.3333,50.81,65,96,23.06,NZ,1650780075
134,Castro,-24.7911,-50.0119,59.49,95,99,1.1,BR,1650780335
135,Chimoré,-16.9833,-65.1333,72.27,99,85,1.25,BO,1650780336
136,Saint-Philippe,-21.3585,55.7679,80.19,74,86,14.97,RE,1650780337
137,Sola,-13.8833,167.55,82.51,67,76,2.64,VU,1650780337
138,Lengshuijiang,27.6881,111.4294,83.79,65,95,7.09,CN,1650780338
139,Rodrigues Alves,-7.738,-72.6509,71.94,99,100,1.25,BR,1650780339
140,Asău,46.4333,26.4,51.96,95,26,3.69,RO,1650780340
141,Bambous Virieux,-20.3428,57.7575,79.21,71,78,17.58,MU,1650780341
142,Sompeta,18.9333,84.6,95.61,50,55,13.53,IN,1650780341
143,Port Lincoln,-34.7333,135.8667,68.25,71,95,11.45,AU,1650780342
144,Butaritari,3.0707,172.7902,81.34,78,76,11.27,KI,1650780343
145,Santa Rosalía,27.3167,-112.2833,61.81,47,0,3.33,MX,1650780344
146,Mount Isa,-20.7333,139.5,74.97,78,100,2.3,AU,1650780345
147,Provideniya,64.3833,-173.3,30.52,75,97,2.51,RU,1650780346
148,La Rochelle,46.1667,-1.15,55.47,94,100,11.5,FR,1650780346
149,Xining,36.6167,101.7667,56.19,45,93,4.32,CN,1650780347
150,Labuan,5.2767,115.2417,84.22,74,13,7.78,MY,1650780348
151,Geraldton,-28.7667,114.6,88.21,27,8,12.66,AU,1650780349
152,Karakol,42.4907,78.3936,60.75,43,77,6.91,KG,1650780350
153,Wani,20.0667,78.95,105.31,16,64,5.88,IN,1650780351
154,Tasiilaq,65.6145,-37.6368,27.36,78,93,7.2,GL,1650780326
155,Khorixas,-20.3667,14.9667,65.55,49,0,2.64,NA,1650780248
156,Ubari,26.5921,12.7805,68.11,19,1,11.03,LY,1650780353
157,Formosa,-26.1775,-58.1781,66.18,88,20,4.61,AR,1650780354
158,Lüderitz,-26.6481,15.1594,53.22,73,4,23.35,NA,1650780355
159,Banyo,6.75,11.8167,67.95,89,98,1.57,CM,1650780355
160,Amahai,-3.3333,128.9167,85.35,68,71,7.25,ID,1650780356
161,Matara,5.9485,80.5353,90.01,57,33,5.99,LK,1650780357
162,Cabo San Lucas,22.8909,-109.9124,70.61,72,0,12.1,MX,1650780198
163,Sandviken,60.6167,16.7667,41.56,68,50,9.93,SE,1650780359
164,Wanning,18.8003,110.3967,86.61,67,8,13.15,CN,1650780360
165,Quelimane,-17.8786,36.8883,76.26,93,50,4.76,MZ,1650780361
166,Ushtobe,45.2514,77.9838,51.93,65,94,20.18,KZ,1650780361
167,Ponta do Sol,32.6667,-17.1,61.43,67,41,5.23,PT,1650780335
168,Santa Marta,11.2408,-74.199,81.9,73,21,7.0,CO,1650780363
169,Dallas,32.7668,-96.7836,74.93,73,20,18.41,US,1650780066
170,Taunggyi,20.7833,97.0333,84.29,32,36,7.16,MM,1650780365
171,Aklavik,68.2191,-135.0107,29.55,93,95,7.65,CA,1650780329
172,Lompoc,34.6391,-120.4579,57.63,92,0,1.01,US,1650780367
173,Jacksonville,30.3322,-81.6556,71.02,83,40,5.75,US,1650780354
174,Acaraú,-2.8856,-40.12,74.21,92,100,6.85,BR,1650780368
175,Luganville,-15.5333,167.1667,77.94,88,100,1.52,VU,1650780369
176,Opuwo,-18.0607,13.84,65.23,55,4,2.24,NA,1650780370
177,Souillac,-20.5167,57.5167,76.82,72,89,17.9,MU,1650780371
178,Khatanga,71.9667,102.5,15.26,85,98,6.51,RU,1650780371
179,Port Hedland,-20.3167,118.5667,91.45,33,0,16.11,AU,1650780372
180,Río Gallegos,-51.6226,-69.2181,43.92,87,100,3.15,AR,1650780129
181,Kavieng,-2.5744,150.7967,84.54,64,58,11.21,PG,1650780374
182,Kavaratti,10.5669,72.642,84.6,70,98,3.38,IN,1650780374
183,Ha Tinh,18.3333,105.9,90.01,61,8,7.65,VN,1650780376
184,Vanavara,60.34,102.2797,33.44,67,100,4.94,RU,1650780377
185,Spokane,47.6166,-117.3677,48.25,61,0,9.22,US,1650780164
186,Pangody,65.85,74.4859,9.52,81,66,2.24,RU,1650780378
187,Ampanihy,-24.7,44.75,74.79,77,100,6.02,MG,1650780379
188,Qaqortoq,60.7167,-46.0333,36.09,99,100,4.16,GL,1650780380
189,Forsytheganj,52.6333,29.7333,47.12,82,22,8.88,BY,1650780381
190,Bilma,18.6853,12.9164,87.3,10,21,7.38,NE,1650780382
191,Calvinia,-31.4707,19.776,42.94,87,3,4.34,ZA,1650780383
192,Comodoro Rivadavia,-45.8667,-67.5,51.66,54,0,20.71,AR,1650780299
193,Esperance,-33.8667,121.9,69.71,54,6,9.95,AU,1650780384
194,Andros Town,24.7,-77.7667,74.44,69,7,16.98,BS,1650780385
195,Saint-Pierre,-21.3393,55.4781,80.28,54,0,11.5,RE,1650780007
196,Norman Wells,65.282,-126.8329,30.49,95,50,5.01,CA,1650780387
197,Vestmanna,62.1564,-7.1664,40.12,70,72,6.91,FO,1650780388
198,Udachny,66.4167,112.4,19.22,52,99,1.88,RU,1650780389
199,Puerto Escondido,15.85,-97.0667,80.49,75,14,7.74,MX,1650780390
200,Tinaquillo,9.9186,-68.3047,71.17,83,100,5.41,VE,1650780390
201,Naberera,-4.2,36.9333,67.46,82,95,3.38,TZ,1650780391
202,Key Largo,25.0865,-80.4473,75.97,65,0,19.22,US,1650780392
203,Cabedelo,-6.9811,-34.8339,75.87,84,100,9.4,BR,1650780393
204,Timizart,36.8,4.2667,53.2,62,0,4.74,DZ,1650780394
205,Jenison,42.9072,-85.792,73.65,56,100,5.99,US,1650780394
206,Nikolskoye,59.7035,30.7861,40.89,76,100,9.89,RU,1650780395
207,Hithadhoo,-0.6,73.0833,84.6,72,100,5.3,MV,1650780396
208,Terre Haute,39.4667,-87.4139,72.03,55,0,13.8,US,1650780181
209,General Roca,-39.0333,-67.5833,57.45,42,11,10.13,AR,1650780397
210,Fort Nelson,58.8053,-122.7002,31.69,99,95,2.39,CA,1650780398
211,São Filipe,14.8961,-24.4956,73.36,74,0,5.82,CV,1650780399
212,Paamiut,61.994,-49.6678,30.56,92,100,5.37,GL,1650780400
213,Sovetskiy,61.3614,63.5842,40.57,75,45,5.7,RU,1650780401
214,Danjiangkou,32.5428,111.5086,76.53,71,100,6.91,CN,1650780402
215,Santa Cruz de la Sierra,-17.8,-63.1667,74.66,94,75,9.22,BO,1650780402
216,Saint George,37.1041,-113.5841,57.63,25,0,14.97,US,1650780224
217,Vanimo,-2.6741,141.3028,84.11,71,34,7.9,PG,1650780404
218,Nkayi,-4.1841,13.2884,73.11,96,100,0.49,CG,1650780405
219,Calhoun,42.2506,-85.0005,70.11,38,0,6.91,US,1650780405
220,Belaya Gora,68.5333,146.4167,21.38,79,100,6.33,RU,1650780406
221,Kahului,20.8947,-156.47,73.85,93,66,8.99,US,1650780240
222,Virginia Beach,36.8529,-75.978,66.0,73,31,3.0,US,1650779997
223,Cockburn Town,21.4612,-71.1419,77.14,74,99,19.17,TC,1650780409
224,Esim,4.8699,-2.2405,79.65,90,100,5.68,GH,1650780410
225,Tamiahua,21.2667,-97.45,75.04,94,1,7.76,MX,1650780410
226,Rudnyy,52.9594,63.1206,48.43,27,83,9.84,KZ,1650780411
227,Kiryat Gat,31.61,34.7642,74.39,100,65,7.81,IL,1650780412
228,Atar,20.5169,-13.0499,70.66,33,1,7.34,MR,1650780413
229,Uauá,-9.8414,-39.4817,68.94,92,98,7.67,BR,1650780414
230,Berasia,23.6333,77.4333,101.5,7,5,10.83,IN,1650780414
231,Longyearbyen,78.2186,15.6401,15.64,62,40,18.41,SJ,1650780415
232,Kasamwa,-2.85,32.4333,66.51,93,100,3.11,TZ,1650780416
233,Montrose,38.4166,-108.2673,27.81,77,76,3.02,US,1650780366
234,Byron Bay,-28.65,153.6167,70.95,67,18,15.66,AU,1650780406
235,Pevek,69.7008,170.3133,15.66,92,97,2.37,RU,1650780418
236,Katangli,51.7102,143.2326,28.74,95,100,21.23,RU,1650780419
237,Viişoara,46.55,23.9167,53.6,94,75,5.99,RO,1650780420
238,Togur,58.3631,82.8265,31.75,82,100,11.21,RU,1650780420
239,Kuching,1.55,110.3333,84.42,84,40,5.01,MY,1650780267
240,Sittwe,20.15,92.9,88.47,64,86,12.95,MM,1650780422
241,Bairiki Village,1.3292,172.9752,82.4,78,20,12.66,KI,1650780423
242,Mahīshādal,22.1833,87.9833,104.94,20,0,7.38,IN,1650780423
243,Kilimatinde,-5.85,34.95,70.77,79,99,3.76,TZ,1650780424
244,Richards Bay,-28.783,32.0377,71.51,88,3,2.64,ZA,1650780425
245,Ahipara,-35.1667,173.1667,62.87,74,86,15.1,NZ,1650780426
246,Torres,-29.3353,-49.7269,57.83,75,0,3.94,BR,1650780427
247,Motygino,58.1831,94.7592,28.96,79,100,9.46,RU,1650780428
248,Saurimo,-9.6608,20.3916,65.82,84,94,3.36,AO,1650780429
249,Barrinha,-21.1936,-48.1639,64.89,79,1,2.98,BR,1650780430
250,Clyde River,70.4692,-68.5914,-9.11,96,61,4.61,CA,1650780431
251,Flinders,-34.5833,150.8552,68.18,79,31,4.0,AU,1650780431
252,Mehamn,71.0357,27.8492,38.48,95,100,18.68,NO,1650780432
253,Ibrā’,22.6906,58.5334,89.04,30,5,6.11,OM,1650780433
254,Vila Velha,-20.3297,-40.2925,78.75,91,0,6.91,BR,1650780351
255,Huautla,21.0333,-98.2833,67.46,90,0,2.55,MX,1650780434
256,Port Keats,-14.25,129.55,94.19,35,1,0.98,AU,1650780435
257,Sežana,45.7092,13.8733,50.85,84,97,8.08,SI,1650780436
258,San Miguel de Cozumel,20.5083,-86.9458,75.94,86,1,12.28,MX,1650780437
259,Stokmarknes,68.5646,14.9108,39.18,93,100,5.75,NO,1650780438
260,Wasilla,61.5814,-149.4394,47.35,61,20,6.91,US,1650780439
261,Ugoofaaru,5.6667,73.0,84.24,69,70,3.49,MV,1650780439
262,Upernavik,72.7868,-56.1549,-4.83,96,53,6.69,GL,1650780440
263,Meadow Lake,34.8014,-106.5436,51.71,23,12,9.22,US,1650780165
264,Tilichiki,60.4667,166.1,29.25,84,97,7.05,RU,1650780442
265,Misratah,32.3754,15.0925,62.85,68,18,9.55,LY,1650780443
266,Roald,62.5833,6.1333,48.9,87,0,2.3,NO,1650780444
267,Rancho Palos Verdes,33.7445,-118.387,68.5,58,0,4.0,US,1650780445
268,Palmer,42.1584,-72.3287,52.21,70,100,0.0,US,1650780445
269,Roebourne,-20.7833,117.1333,90.07,30,2,14.38,AU,1650780446
270,Havre-St-Pierre,50.2334,-63.5986,33.17,72,43,18.01,CA,1650780447
271,Torbay,47.6666,-52.7314,34.29,95,100,17.27,CA,1650780331
272,Al Bardīyah,31.7561,25.0865,63.84,80,3,13.06,LY,1650780448
273,Il'inskoye-Khovanskoye,56.9718,39.7684,51.1,70,100,6.91,RU,1650780449
274,Zlobin,45.2924,14.6541,47.5,90,75,9.22,HR,1650780450
275,Russell,32.3502,-85.1999,67.23,82,0,4.61,US,1650780451
276,Moose Factory,51.2585,-80.6094,35.58,69,100,14.97,CA,1650780452
277,Esso,55.9333,158.7,34.61,97,100,3.04,RU,1650780452
278,Wanlaweyn,2.6185,44.8938,87.76,54,33,10.92,SO,1650780453
279,Erdenet,49.0333,104.0833,42.6,35,70,11.81,MN,1650780454
280,Sitka,57.0531,-135.33,48.09,61,100,14.97,US,1650780455
281,Muncar,-8.4333,114.3333,86.36,71,99,4.92,ID,1650780456
282,Marsh Harbour,26.5412,-77.0636,74.08,72,32,20.6,BS,1650780330
283,Bethel,41.3712,-73.414,53.69,72,100,0.0,US,1650780458
284,Peniche,39.3558,-9.3811,51.46,94,45,4.63,PT,1650780458
285,Korla,41.7597,86.1469,81.39,17,1,16.62,CN,1650780460
286,Miquelon,47.0975,-56.3814,35.8,98,100,15.97,PM,1650780461
287,Ābu Road,24.4833,72.7833,100.78,9,1,9.19,IN,1650780461
288,Iqaluit,63.7506,-68.5145,-0.38,90,49,3.2,CA,1650780462
289,Khasan,42.4308,130.6434,61.5,42,61,6.87,RU,1650780463
290,Władysławowo,54.7909,18.4009,49.93,87,32,9.93,PL,1650780464
291,Sobolevo,54.4299,31.8996,46.15,95,100,10.11,RU,1650780465
292,Machakos,-1.5167,37.2667,64.35,86,100,3.76,KE,1650780465
293,Sayyan,15.1718,44.3244,67.69,23,8,4.76,YE,1650780466
294,Baruun-Urt,46.6806,113.2792,58.44,15,30,15.64,MN,1650780467
295,San Policarpo,12.1791,125.5072,80.49,86,100,12.68,PH,1650780468
296,Hambantota,6.1241,81.1185,88.14,70,20,4.61,LK,1650780469
297,Nantucket,41.2835,-70.0995,51.91,87,0,6.91,US,1650780469
298,Puerto Lempira,15.2667,-83.7667,75.13,89,48,5.48,HN,1650780470
299,Douglas,41.3,-96.167,49.82,54,0,9.22,US,1650780198
300,Palana,59.1167,159.9667,30.45,93,100,4.88,RU,1650780472
301,El Tránsito,13.35,-88.35,78.08,80,73,1.59,SV,1650780472
302,Meulaboh,4.1363,96.1285,87.19,67,86,7.58,ID,1650780473
303,San Quintín,30.4833,-115.95,58.37,84,0,7.7,MX,1650780474
304,Oktyabr'skiy,54.4815,53.471,48.45,61,97,8.66,RU,1650780475
305,Tuatapere,-46.1333,167.6833,49.17,77,100,12.75,NZ,1650780476
306,Nālūt,30.3333,10.85,64.98,18,74,10.45,LY,1650780477
307,Porto-Novo,6.4965,2.6036,79.88,88,100,5.19,BJ,1650780478
308,Birao,10.2849,22.7882,86.68,41,70,7.63,CF,1650780479
309,Boguchany,58.3814,97.4531,29.25,81,100,8.39,RU,1650780479
310,Östersund,63.1792,14.6357,32.45,80,69,3.44,SE,1650780480
311,Henties Bay,-22.116,14.2845,59.32,85,82,9.04,NA,1650780481
312,Lorengau,-2.0226,147.2712,82.78,77,87,7.83,PG,1650780482
313,Dingle,10.9995,122.6711,88.72,61,78,10.54,PH,1650780483
314,Diamantino,-14.4086,-56.4461,71.1,92,98,5.01,BR,1650780484
315,Saint-François,46.4154,3.9054,47.68,87,100,2.3,FR,1650780484
316,Carnarvon,-24.8667,113.6333,82.08,47,0,12.3,AU,1650780338
317,Altos,-5.0381,-42.46,69.75,99,100,2.86,BR,1650780231
318,Druzhba,52.0428,33.9453,51.4,83,100,15.01,UA,1650780486
319,Guerrero Negro,27.9769,-114.0611,58.8,82,0,12.5,MX,1650780251
320,Praia,14.9215,-23.5087,75.74,46,0,17.27,CV,1650780488
321,Chui,-33.6971,-53.4616,51.82,75,1,6.71,UY,1650780489
322,Bilibino,68.0546,166.4372,21.29,82,97,0.25,RU,1650780489
323,Maraã,-1.8333,-65.3667,73.08,96,58,1.77,BR,1650780490
324,Longyan,25.1072,117.0225,84.56,63,9,5.64,CN,1650780491
325,Skjervøy,70.0311,20.9714,37.4,81,90,9.1,NO,1650780492
326,Majene,-3.5403,118.9707,85.59,71,36,5.19,ID,1650780493
327,Maputo,-25.9653,32.5892,72.23,87,2,5.99,MZ,1650780364
328,Saint-Joseph,-21.3667,55.6167,79.18,70,81,14.58,RE,1650780495
329,Oranjemund,-28.55,16.4333,53.01,81,54,8.21,NA,1650780495
330,Matveyevka,52.15,56.1833,52.3,41,93,10.96,RU,1650780496
331,Coquimbo,-29.9533,-71.3436,58.33,88,3,5.35,CL,1650780254
332,Kuandian,40.7286,124.7847,69.06,35,81,2.95,CN,1650780498
333,Hobyo,5.3505,48.5268,85.82,63,82,9.89,SO,1650780499
334,Fort Myers Beach,26.452,-81.9481,72.01,78,0,8.05,US,1650780490
335,Saldanha,-33.0117,17.9442,56.73,73,2,7.16,ZA,1650780500
336,Broome,42.2506,-75.833,52.2,71,0,8.05,US,1650780501
337,Coyhaique,-45.5752,-72.0662,39.81,100,100,2.3,CL,1650780502
338,Kawalu,-7.3817,108.2082,84.51,72,84,4.34,ID,1650780503
339,Puerto del Rosario,28.5004,-13.8627,62.35,72,0,3.44,ES,1650780504
340,Ixtapa,20.7,-105.2,67.48,71,1,2.28,MX,1650780505
341,Yar-Sale,66.8333,70.8333,9.05,82,91,4.14,RU,1650780505
342,Tendūkheda,23.4,79.55,102.74,8,5,9.26,IN,1650780506
343,Rawson,-43.3002,-65.1023,54.01,46,16,15.21,AR,1650780507
344,Padilla,3.2204,-76.3139,67.57,93,73,0.65,CO,1650780508
345,Aginskoye,51.1,114.53,42.71,23,59,20.74,RU,1650780509
346,Buckeye,33.3703,-112.5838,74.82,16,75,9.22,US,1650780509
347,Khani,41.9563,42.9566,62.17,43,0,5.01,GE,1650780510
348,Santa Lucía,27.9117,-15.5407,53.94,71,75,2.3,ES,1650780453
349,Yerbogachën,61.2767,108.0108,34.05,53,100,1.77,RU,1650780512
350,Pokhara,28.2333,83.9833,89.71,21,0,8.66,NP,1650780512
351,Livingstone,-17.8419,25.8543,69.53,72,84,4.88,ZM,1650780514
352,Iisalmi,63.5592,27.1907,36.52,73,17,4.81,FI,1650780515
353,Enid,36.3956,-97.8784,68.09,92,20,9.22,US,1650780515
354,Glace Bay,46.1969,-59.957,32.79,85,87,8.01,CA,1650780516
355,Huilong,31.8111,121.655,65.86,85,55,11.41,CN,1650780517
356,Markova,48.6758,24.4138,48.27,73,42,3.53,UA,1650780518
357,Hryshkivtsi,49.9353,28.6038,46.83,77,52,7.78,UA,1650780519
358,Chapais,49.7834,-74.8492,22.41,91,100,4.88,CA,1650780520
359,São Félix do Xingu,-6.6447,-51.995,70.54,99,94,0.78,BR,1650780504
360,Bahía Blanca,-38.7196,-62.2724,57.47,45,2,9.33,AR,1650780231
361,Mpulungu,-8.7623,31.1141,74.21,78,89,7.05,ZM,1650780522
362,Altos del Rosario,8.7944,-74.1658,73.24,93,34,1.19,CO,1650780523
363,Hofn,64.2539,-15.2082,44.56,76,94,4.7,IS,1650780524
364,Grindavik,63.8424,-22.4338,43.27,75,100,3.44,IS,1650780524
365,Kruisfontein,-34.0033,24.7314,57.88,82,25,14.12,ZA,1650780525
366,Tunceli,39.1083,39.5471,67.3,34,19,1.3,TR,1650780526
367,Bonavista,48.6499,-53.1147,32.22,96,100,23.82,CA,1650780527
368,Kamra,33.7473,73.5111,82.96,17,2,1.41,PK,1650780528
369,Biritiba-Mirim,-23.5698,-46.0407,62.38,88,8,1.23,BR,1650780528
370,Eyl,7.9803,49.8164,85.55,58,61,9.35,SO,1650780529
371,Doha,25.2867,51.5333,89.91,48,0,11.5,QA,1650780485
372,Sungai Penuh,-2.0833,101.3833,77.4,73,96,2.08,ID,1650780531
373,Beian,63.6559,9.5683,47.01,57,0,12.66,NO,1650780531
374,Mogadishu,2.0371,45.3438,85.28,66,31,12.28,SO,1650780532
375,Margate,51.3813,1.3862,51.87,83,100,5.99,GB,1650780533
376,Narsaq,60.9167,-46.05,37.62,98,100,3.31,GL,1650780534
377,Visnes,59.3556,5.2242,49.82,46,0,11.5,NO,1650780326
378,Magadan,59.5667,150.8,36.54,64,100,2.39,RU,1650780535
379,Santa Cruz de Barahona,18.2085,-71.1008,75.78,78,98,5.5,DO,1650780536
380,Yangi Marg`ilon,40.4272,71.7189,63.32,82,75,20.71,UZ,1650780537
381,Laas,46.6166,10.7002,40.69,94,92,5.73,IT,1650780538
382,Gizo Government Station,-8.103,156.8419,84.6,65,90,1.86,SB,1650780539
383,Karratha,-20.7377,116.8463,90.19,33,3,15.05,AU,1650780539
384,Shar,49.5886,81.0453,37.18,30,16,12.91,KZ,1650780540
385,Zhiryatino,53.2228,33.7306,46.72,91,100,13.24,RU,1650780541
386,Mitsamiouli,-11.3847,43.2844,82.35,78,100,10.71,KM,1650780542
387,Pangnirtung,66.1451,-65.7125,6.22,64,33,7.85,CA,1650780543
388,College,64.8569,-147.8028,42.75,54,75,0.0,US,1650780543
389,Teguise,29.0605,-13.564,57.42,72,20,5.75,ES,1650780544
390,Languyan,5.2618,120.0807,82.74,80,32,3.06,PH,1650780545
391,Ojinaga,29.5667,-104.4167,79.75,17,0,3.44,MX,1650780546
392,Buala,-8.145,159.5921,82.47,78,51,4.18,SB,1650780547
393,Keti Bandar,24.1447,67.4497,87.3,55,46,17.74,PK,1650780548
394,Isugod,9.3408,118.1196,85.66,72,68,3.53,PH,1650780549
395,Nioro,13.35,-15.75,79.07,30,0,4.18,GM,1650780550
396,Mahārāganj,27.1333,83.5667,105.93,6,0,16.26,IN,1650780551
397,Katubao,5.8892,124.8294,85.33,74,73,5.3,PH,1650780551
398,Waipawa,-41.4122,175.5153,52.2,81,49,6.85,NZ,1650780328
399,Coffs Harbour,-30.3,153.1333,71.56,56,75,13.8,AU,1650780553
400,Aripuanã,-9.1667,-60.6333,71.46,99,62,1.59,BR,1650780258
401,Tiznit Province,29.5833,-9.5,51.84,82,85,10.16,MA,1650780554
402,Manadhoo,5.7667,73.3833,84.33,69,68,3.65,MV,1650780555
403,Xinzhou,38.4092,112.7333,83.7,10,100,9.15,CN,1650780556
404,Qaraçala,39.8132,48.9523,65.34,42,32,5.19,AZ,1650780557
405,Labé,11.3182,-12.2833,69.17,55,84,4.18,GN,1650780558
406,Darhan,49.4867,105.9228,47.98,22,68,4.74,MN,1650780558
407,Lavrentiya,65.5833,-171.0,27.72,86,100,2.68,RU,1650780325
408,Sikonge,-5.6333,32.7667,69.42,84,99,3.15,TZ,1650780560
409,Güstrow,53.7972,12.1734,46.99,93,75,12.66,DE,1650780561
410,Kidal,18.4411,1.4078,77.05,9,3,10.16,ML,1650780562
411,Malé,4.1748,73.5089,84.2,67,69,2.62,MV,1650780563
412,El Cobre,20.0489,-75.9469,72.84,83,20,5.75,CU,1650780564
413,Bereda,43.2686,-7.5406,47.41,97,96,4.41,ES,1650780565
414,Middelkerke,51.1558,2.8418,53.1,66,0,13.8,BE,1650780566
415,Erbil,36.1926,44.0106,76.82,20,96,4.61,IQ,1650780567
416,Magistral'nyy,56.1725,107.4458,34.74,46,100,5.26,RU,1650780568
417,Karpathos,35.507,27.2132,64.36,82,0,16.11,GR,1650780570
418,Sechura,-5.5569,-80.8222,68.22,84,56,9.84,PE,1650780571
419,Qasigiannguit,68.8193,-51.1922,26.85,98,100,1.92,GL,1650780377
420,Kenai,60.5544,-151.2583,44.02,68,20,6.91,US,1650780328
421,Laguna,38.421,-121.4238,61.02,59,0,4.61,US,1650780574
422,Svetlaya,46.5389,138.3297,52.36,55,33,18.45,RU,1650780575
423,Zhangaözen,43.3,52.8,59.85,40,2,5.01,KZ,1650780576
424,Sjøvegan,68.8726,17.8474,41.22,76,73,3.29,NO,1650780577
425,Nampula,-15.1165,39.2666,74.93,86,82,6.24,MZ,1650780578
426,Ubon Ratchathani,15.1667,105.1667,98.98,39,29,7.58,TH,1650780579
427,Kieta,-6.2167,155.6333,83.64,68,69,1.86,PG,1650780580
428,Moerai,-22.4333,-151.3333,77.56,72,78,20.76,PF,1650780581
429,Myaundzha,63.0494,147.1858,23.09,65,99,3.6,RU,1650780582
430,Larap,14.299,122.6504,86.11,66,76,9.24,PH,1650780583
431,Taoudenni,22.6783,-3.9836,71.56,20,5,8.88,ML,1650780584
432,Araguaçu,-12.9306,-49.8264,72.64,86,100,3.2,BR,1650780585
433,Svetlyy Yar,48.4748,44.781,53.2,56,99,7.83,RU,1650780586
434,Siteki,-26.45,31.95,66.29,82,11,3.27,SZ,1650780587
435,Berlevåg,70.8578,29.0864,39.0,95,100,18.59,NO,1650780588
436,Morro Bay,35.3658,-120.8499,60.15,76,0,1.01,US,1650780589
437,Izumo,35.3667,132.7667,71.31,65,75,5.37,JP,1650780590
438,Keroka,-0.7758,34.9453,59.92,93,100,4.41,KE,1650780591
439,Eydhafushi,5.1033,73.0708,84.09,70,53,3.31,MV,1650780592
440,Keminmaa,65.8596,24.8228,38.97,56,0,3.44,FI,1650780593
441,Yumen,40.2833,97.2,75.33,10,77,4.45,CN,1650780594
442,Fairbanks,64.8378,-147.7164,42.76,55,75,0.0,US,1650780595
443,Gunjur,13.2019,-16.7339,71.67,60,0,4.61,GM,1650780595
444,Murgūd,16.4,74.2,93.6,33,96,5.14,IN,1650780596
445,Tshela,-4.9833,12.9333,73.76,99,100,0.81,CD,1650780597
446,Kembé,4.6228,21.8865,73.4,89,95,4.05,CF,1650780598
447,Mustang,35.3842,-97.7245,67.75,93,100,12.66,US,1650780599
448,Morón,-34.6534,-58.6198,61.02,80,51,11.14,AR,1650780599
449,Nishihara,26.1842,127.7558,71.26,100,75,9.22,JP,1650780600
450,Akner,39.5349,46.3073,56.35,62,39,5.08,AM,1650780601
451,Touros,-5.1989,-35.4608,75.45,93,98,8.9,BR,1650780602
452,Oneonta,42.4529,-75.0638,48.29,89,76,3.58,US,1650780603
453,Algiers,36.7525,3.042,49.82,71,0,2.3,DZ,1650780604
454,Avera,33.194,-82.5271,62.65,91,3,6.46,US,1650780605
455,Hualmay,-11.0964,-77.6139,66.74,88,36,5.99,PE,1650780606
456,Inírida,3.8653,-67.9239,73.9,96,18,1.05,CO,1650780606
457,Constitución,-35.3333,-72.4167,56.61,92,98,8.55,CL,1650780607
458,Nefteyugansk,61.0998,72.6035,29.97,92,89,13.87,RU,1650780463
459,Starkville,33.4504,-88.8184,67.68,83,0,8.05,US,1650780581
460,Mossamedes,-15.1961,12.1522,68.79,83,20,4.94,AO,1650780609
461,Kuragino,53.8975,92.6725,35.38,33,100,7.76,RU,1650780611
462,Agüimes,27.9054,-15.4461,58.86,68,75,2.3,ES,1650780612
463,Kodino,63.7198,39.6447,33.98,77,100,3.56,RU,1650780612
464,Cap Malheureux,-19.9842,57.6142,78.48,67,69,8.99,MU,1650780613
465,Rio Grande,-32.035,-52.0986,57.07,66,0,6.6,BR,1650780408
466,Tokonou,9.65,-9.7833,72.88,81,86,5.32,GN,1650780615
467,Narón,43.5167,-8.1528,55.6,89,68,8.32,ES,1650780615
468,Mamakan,57.8161,114.0028,38.03,54,100,2.75,RU,1650780616
469,San Andrés,12.5847,-81.7006,82.42,78,20,8.05,CO,1650780617
470,Wanaka,-44.7,169.15,56.1,54,73,1.01,NZ,1650780618
471,Colares,38.7992,-9.4469,53.33,78,53,5.99,PT,1650780619
472,Toyooka,35.5333,134.8333,72.93,60,100,5.61,JP,1650780620
473,Kungurtug,50.5994,97.5228,41.04,45,71,12.28,RU,1650780620
474,Naze,28.3667,129.4833,72.03,84,100,7.25,JP,1650780621
475,Campbell River,50.0163,-125.2446,52.27,88,100,2.66,CA,1650780622
476,Labuhan,-6.8844,112.2051,86.61,66,100,3.18,ID,1650780479
477,Te Anau,-45.4167,167.7167,47.95,81,97,2.84,NZ,1650780623
478,Cabo Rojo,18.0866,-67.1457,73.98,84,98,7.52,PR,1650780624
479,Gao,16.6362,1.637,79.81,9,83,11.9,ML,1650780625
480,Pattani,6.75,100.4167,89.31,58,96,6.85,TH,1650780626
481,Zemio,5.0314,25.1361,76.96,73,99,3.89,CF,1650780627
482,Thinadhoo,0.5333,72.9333,84.74,69,100,6.62,MV,1650780628
483,Goundam,16.4145,-3.6708,76.98,14,4,11.43,ML,1650780629
484,Ucluelet,48.9329,-125.5528,49.08,85,99,7.11,CA,1650780400
485,La Cruz,23.9167,-106.9,68.95,86,0,2.75,MX,1650780630
486,Alta Floresta,-9.8756,-56.0861,71.02,97,100,1.32,BR,1650780631
487,Baykit,61.67,96.37,37.92,65,74,3.24,RU,1650780632
488,Zyryanka,65.75,150.85,25.92,75,100,5.57,RU,1650780633
489,Ketchikan,55.3422,-131.6461,45.07,81,100,14.97,US,1650780634
490,Takaka,-40.85,172.8,58.55,78,70,4.72,NZ,1650780635
491,Palanca,46.5333,26.1167,51.67,81,76,3.78,RO,1650780635
492,At-Bashi,41.1702,75.8106,57.42,34,79,3.33,KG,1650780377
493,Talladega,33.4359,-86.1058,62.49,100,100,0.0,US,1650780352
494,Oildale,35.4197,-119.0195,62.62,55,0,0.0,US,1650780638
495,Sibolga,1.7427,98.7792,86.74,69,92,5.68,ID,1650780441
496,Alamosa,37.4695,-105.87,37.38,38,75,8.05,US,1650780639
497,Arrondissement de Saint-Gaudens,43.0833,0.6667,48.52,96,100,8.9,FR,1650780640
498,Wajima,37.4,136.9,63.03,70,100,4.27,JP,1650780641
499,Basoko,1.2391,23.616,72.95,93,78,3.51,CD,1650780432
500,Camacha,33.0833,-16.3333,56.62,72,75,0.0,PT,1650780643
501,Shingū,33.7333,135.9833,62.74,93,100,8.43,JP,1650780643
502,Yārāda,17.65,83.2667,91.06,61,63,14.83,IN,1650780644
503,Bealanana,-14.55,48.7333,70.12,82,100,5.3,MG,1650780645
504,Tezu,27.9167,96.1667,71.73,83,100,3.8,IN,1650780646
505,Kloulklubed,7.0419,134.2556,81.1,80,100,8.95,PW,1650780647
506,Jiamusi,46.8333,130.35,57.63,19,53,20.58,CN,1650780648
507,Senador José Porfírio,-2.5908,-51.9542,72.32,97,100,2.17,BR,1650780649
508,Murgab,37.4966,61.9714,76.84,38,0,4.41,TM,1650780650
509,General Pico,-35.6566,-63.7568,57.67,66,2,7.74,AR,1650780650
510,Nāthdwāra,24.9333,73.8167,97.79,9,3,4.97,IN,1650780651
511,Falmouth,50.1544,-5.0711,47.3,91,96,7.87,GB,1650780652
512,Klaksvík,62.2266,-6.589,41.92,83,74,19.19,FO,1650780653
513,Gambo,4.6482,22.2633,72.64,90,95,3.42,CF,1650780654
514,Fereydūnkenār,36.6864,52.5225,60.8,74,21,5.46,IR,1650780655
515,Guane,22.2025,-84.0875,70.14,80,14,9.24,CU,1650780655
516,Ostrovnoy,68.0531,39.5131,33.93,96,95,15.43,RU,1650780656
517,Mbekenyera,-10.0,38.9833,76.3,91,100,0.69,TZ,1650780657
518,Staraya Toropa,56.2801,31.6702,46.9,93,100,10.67,RU,1650780658
519,Vani,42.0832,42.5216,69.49,46,0,24.16,GE,1650780659
520,Kintampo,8.0563,-1.7306,75.16,81,38,3.67,GH,1650780660
521,Mount Gambier,-37.8333,140.7667,67.55,48,0,9.08,AU,1650780661
522,Biak,-0.9131,122.8766,83.14,75,37,2.51,ID,1650780662
523,Verkhoyansk,67.5447,133.385,25.9,78,100,4.5,RU,1650780663
524,Privolzhskiy,51.4,46.0333,54.3,57,25,4.36,RU,1650780664
525,Straumen,63.8709,11.2999,39.2,74,27,3.42,NO,1650780664
526,Kharhiāl,20.2833,82.7667,107.22,14,11,6.26,IN,1650780665
527,‘Ewa Beach,21.3156,-158.0072,75.15,76,75,13.8,US,1650780666
528,Buda,30.0852,-97.8403,72.45,80,8,1.99,US,1650780667
529,Safi,32.2994,-9.2372,57.09,71,100,8.23,MA,1650780668
530,Port Hardy,50.6996,-127.4199,44.62,89,100,10.49,CA,1650780523
531,Muros,42.7762,-9.0603,53.83,89,84,6.38,ES,1650780669
532,Johnstown,40.3267,-78.922,64.74,83,0,6.91,US,1650780513
533,Nobeoka,32.5833,131.6667,66.04,92,100,1.77,JP,1650780671
534,Maţāy,28.419,30.7792,71.19,32,46,12.26,EG,1650780672
535,Mabaruma,8.2,-59.7833,72.57,98,26,2.04,GY,1650780673
536,Kaitong,44.8135,123.15,65.14,17,23,8.97,CN,1650780674
537,Jiuquan,39.7432,98.5174,74.35,10,49,8.32,CN,1650780675
538,Oktyabr'skoye,43.0645,44.7417,57.34,66,3,2.24,RU,1650780676
539,Praia,14.9215,-23.5087,75.74,46,0,17.27,CV,1650780676
540,Champerico,14.3,-91.9167,79.59,74,55,6.6,GT,1650780677
541,Riyadh,24.6877,46.7219,86.14,17,77,12.71,SA,1650780426
542,Worland,44.0169,-107.9554,39.88,78,100,19.57,US,1650780679
543,Pilar,-9.5972,-35.9567,75.13,94,20,0.85,BR,1650780680
544,Mgandu,-5.95,34.1333,66.94,84,98,6.76,TZ,1650780681
545,Basse,52.5518,9.5069,47.62,75,40,9.22,DE,1650780682
546,Vestmannaeyjar,63.4427,-20.2734,45.55,88,96,6.29,IS,1650780683
547,Maragogi,-9.0122,-35.2225,75.83,88,50,4.36,BR,1650780429
548,Islamkot,24.6997,70.177,99.61,17,3,11.45,PK,1650780684
549,Velyka Bilozerka,47.2776,34.7062,56.88,65,24,8.34,UA,1650780686
550,Cody,44.5263,-109.0565,35.82,82,100,9.22,US,1650780686
551,Korsholm,63.1142,21.6822,40.23,87,0,2.3,FI,1650780687
552,Aksu,41.1231,80.2644,78.17,21,36,2.77,CN,1650780688
553,Muisne,0.6,-80.0333,76.23,83,56,4.61,EC,1650780689
554,Robertson,36.5167,-86.8667,70.47,65,40,9.22,US,1650780690
555,Islaz,43.7333,24.75,56.08,63,1,3.76,RO,1650780691
556,Sydney,-33.8679,151.2073,72.9,61,20,12.66,AU,1650780687
557,Amarante do Maranhão,-5.5667,-46.7422,70.68,99,100,2.28,BR,1650780692
558,Muridke,31.8025,74.2617,93.22,13,1,7.94,PK,1650780693
559,Beroroha,-21.6667,45.1667,79.72,68,100,7.2,MG,1650780694
